{"cameraMode":{"drawMode":0,"name":"Shaded","section":"Shading Mode"},"sceneLighting":false,"audioPlay":false,"sceneViewState":{"showFog":true,"showMaterialUpdate":false,"showSkybox":true,"showFlares":true,"showImageEffects":true,"showParticleSystems":true},"in2DMode":false,"pivot":{"x":0.0,"y":3.2300000190734865,"z":0.010000228881835938},"rotation":{"x":-0.06285440176725388,"y":0.924390435218811,"z":-0.17424362897872926,"w":-0.3334530293941498},"size":27.264217376708986,"orthographic":false}