{"cameraMode":{"drawMode":0,"name":"Shaded","section":"Shading Mode"},"sceneLighting":false,"audioPlay":false,"sceneViewState":{"showFog":true,"showMaterialUpdate":false,"showSkybox":true,"showFlares":true,"showImageEffects":true,"showParticleSystems":true},"in2DMode":false,"pivot":{"x":0.0000021457672119140627,"y":1.4210925102233887,"z":0.054137587547302249},"rotation":{"x":-0.034981630742549899,"y":0.9649351239204407,"z":-0.17739449441432954,"w":-0.19028347730636598},"size":7.4556565284729,"orthographic":false}