{"cameraMode":{"drawMode":0,"name":"Shaded","section":"Shading Mode"},"sceneLighting":false,"audioPlay":false,"sceneViewState":{"showFog":true,"showMaterialUpdate":false,"showSkybox":true,"showFlares":true,"showImageEffects":true,"showParticleSystems":true},"in2DMode":false,"pivot":{"x":0.0000019073486328125,"y":0.9436246752738953,"z":0.0},"rotation":{"x":-0.06285440176725388,"y":0.924390435218811,"z":-0.17424362897872926,"w":-0.3334530293941498},"size":3.199286699295044,"orthographic":false}