{"cameraMode":{"drawMode":0,"name":"Shaded","section":"Shading Mode"},"sceneLighting":false,"audioPlay":false,"sceneViewState":{"showFog":true,"showMaterialUpdate":false,"showSkybox":true,"showFlares":true,"showImageEffects":true,"showParticleSystems":true},"in2DMode":false,"pivot":{"x":2.1702499389648439,"y":0.34525007009506228,"z":0.0},"rotation":{"x":0.034308839589357379,"y":0.8463754653930664,"z":-0.054930463433265689,"w":0.5286341905593872},"size":13.822675704956055,"orthographic":false}