{"cameraMode":{"drawMode":0,"name":"Shaded","section":"Shading Mode"},"sceneLighting":false,"audioPlay":false,"sceneViewState":{"showFog":true,"showMaterialUpdate":false,"showSkybox":true,"showFlares":true,"showImageEffects":true,"showParticleSystems":true},"in2DMode":false,"pivot":{"x":0.36778390407562258,"y":1.7120888233184815,"z":2.541858673095703},"rotation":{"x":-0.0020557050593197347,"y":-0.9955647587776184,"z":-0.022403988987207414,"w":0.09134925156831742},"size":4.3783159255981449,"orthographic":false}