{"cameraMode":{"drawMode":0,"name":"Shaded","section":"Shading Mode"},"sceneLighting":false,"audioPlay":false,"sceneViewState":{"showFog":true,"showMaterialUpdate":false,"showSkybox":true,"showFlares":true,"showImageEffects":true,"showParticleSystems":true},"in2DMode":false,"pivot":{"x":1.1630172729492188,"y":2.1751577854156496,"z":0.0},"rotation":{"x":-0.008258170448243618,"y":-0.9867860078811646,"z":0.05333912745118141,"w":-0.15277522802352906},"size":7.8888750076293949,"orthographic":true}