{"cameraMode":{"drawMode":0,"name":"Shaded","section":"Shading Mode"},"sceneLighting":false,"audioPlay":false,"sceneViewState":{"showFog":true,"showMaterialUpdate":false,"showSkybox":true,"showFlares":true,"showImageEffects":true,"showParticleSystems":true},"in2DMode":false,"pivot":{"x":0.0,"y":1.5338428020477296,"z":-0.05078154802322388},"rotation":{"x":-0.09456145763397217,"y":0.8282850384712219,"z":-0.14714033901691438,"w":-0.532308042049408},"size":7.706575393676758,"orthographic":false}