{"cameraMode":{"drawMode":0,"name":"Shaded","section":"Shading Mode"},"sceneLighting":false,"audioPlay":false,"sceneViewState":{"showFog":true,"showMaterialUpdate":false,"showSkybox":true,"showFlares":true,"showImageEffects":true,"showParticleSystems":true},"in2DMode":false,"pivot":{"x":3.8657009601593019,"y":2.0,"z":0.06155073642730713},"rotation":{"x":0.034308839589357379,"y":0.8463754653930664,"z":-0.054930463433265689,"w":0.5286341905593872},"size":18.25155258178711,"orthographic":false}