{"cameraMode":{"drawMode":0,"name":"Shaded","section":"Shading Mode"},"sceneLighting":false,"audioPlay":false,"sceneViewState":{"showFog":true,"showMaterialUpdate":false,"showSkybox":true,"showFlares":true,"showImageEffects":true,"showParticleSystems":true},"in2DMode":false,"pivot":{"x":0.0000017881393432617188,"y":1.5670907497406006,"z":0.007363557815551758},"rotation":{"x":-0.022713713347911836,"y":0.8954420685768127,"z":-0.046000074595212939,"w":-0.44221222400665285},"size":7.706552982330322,"orthographic":false}