{"cameraMode":{"drawMode":0,"name":"Shaded","section":"Shading Mode"},"sceneLighting":false,"audioPlay":false,"sceneViewState":{"showFog":true,"showMaterialUpdate":false,"showSkybox":true,"showFlares":true,"showImageEffects":true,"showParticleSystems":true},"in2DMode":false,"pivot":{"x":3.744999885559082,"y":1.9200000762939454,"z":0.38980019092559817},"rotation":{"x":0.034308839589357379,"y":0.8463754653930664,"z":-0.054930463433265689,"w":0.5286341905593872},"size":21.02298927307129,"orthographic":false}