{"cameraMode":{"drawMode":0,"name":"Shaded","section":"Shading Mode"},"sceneLighting":false,"audioPlay":false,"sceneViewState":{"showFog":true,"showMaterialUpdate":false,"showSkybox":true,"showFlares":true,"showImageEffects":true,"showParticleSystems":true},"in2DMode":false,"pivot":{"x":5.7242560386657719,"y":0.4674997329711914,"z":-0.013392448425292969},"rotation":{"x":0.00705330865457654,"y":0.9910557270050049,"z":-0.11981240659952164,"w":0.05834215506911278},"size":5.149208068847656,"orthographic":false}