{"cameraMode":{"drawMode":0,"name":"Shaded","section":"Shading Mode"},"sceneLighting":false,"audioPlay":false,"sceneViewState":{"showFog":true,"showMaterialUpdate":false,"showSkybox":true,"showFlares":true,"showImageEffects":true,"showParticleSystems":true},"in2DMode":false,"pivot":{"x":0.28668689727783205,"y":2.201894998550415,"z":-0.27707624435424807},"rotation":{"x":-0.16015365719795228,"y":0.6924283504486084,"z":-0.16198965907096864,"w":-0.6845824718475342},"size":6.572494983673096,"orthographic":true}