{"cameraMode":{"drawMode":0,"name":"Shaded","section":"Shading Mode"},"sceneLighting":false,"audioPlay":false,"sceneViewState":{"showFog":true,"showMaterialUpdate":false,"showSkybox":true,"showFlares":true,"showImageEffects":true,"showParticleSystems":true},"in2DMode":false,"pivot":{"x":-1.409999966621399,"y":2.6580567359924318,"z":0.38902127742767336},"rotation":{"x":0.05381332337856293,"y":0.806204617023468,"z":-0.07422620803117752,"w":0.584490180015564},"size":0.8250000476837158,"orthographic":false}