{"cameraMode":{"drawMode":0,"name":"Shaded","section":"Shading Mode"},"sceneLighting":false,"audioPlay":false,"sceneViewState":{"showFog":true,"showMaterialUpdate":false,"showSkybox":true,"showFlares":true,"showImageEffects":true,"showParticleSystems":true},"in2DMode":false,"pivot":{"x":0.0,"y":3.2299997806549074,"z":0.010000228881835938},"rotation":{"x":0.00705330865457654,"y":0.9910557270050049,"z":-0.11981240659952164,"w":0.05834215506911278},"size":13.225472450256348,"orthographic":false}