{"cameraMode":{"drawMode":0,"name":"Shaded","section":"Shading Mode"},"sceneLighting":false,"audioPlay":false,"sceneViewState":{"showFog":true,"showMaterialUpdate":false,"showSkybox":true,"showFlares":true,"showImageEffects":true,"showParticleSystems":true},"in2DMode":false,"pivot":{"x":1.1920928955078126e-7,"y":1.6179077625274659,"z":0.025646746158599855},"rotation":{"x":-0.002143992343917489,"y":-0.9931653738021851,"z":0.11522414535284043,"w":-0.018476150929927827},"size":3.4471945762634279,"orthographic":true}