{"cameraMode":{"drawMode":0,"name":"Shaded","section":"Shading Mode"},"sceneLighting":false,"audioPlay":false,"sceneViewState":{"showFog":true,"showMaterialUpdate":false,"showSkybox":true,"showFlares":true,"showImageEffects":true,"showParticleSystems":true},"in2DMode":false,"pivot":{"x":0.0000017881393432617188,"y":1.4340689182281495,"z":0.04710507392883301},"rotation":{"x":-0.034981630742549899,"y":0.9649351239204407,"z":-0.17739449441432954,"w":-0.19028347730636598},"size":7.574877738952637,"orthographic":false}