{"cameraMode":{"drawMode":0,"name":"Shaded","section":"Shading Mode"},"sceneLighting":false,"audioPlay":false,"sceneViewState":{"showFog":true,"showMaterialUpdate":false,"showSkybox":true,"showFlares":true,"showImageEffects":true,"showParticleSystems":true},"in2DMode":false,"pivot":{"x":-0.5592641830444336,"y":1.3307313919067383,"z":0.9225621223449707},"rotation":{"x":-0.034981630742549899,"y":0.9649351239204407,"z":-0.17739449441432954,"w":-0.19028347730636598},"size":7.351100921630859,"orthographic":false}