{"cameraMode":{"drawMode":0,"name":"Shaded","section":"Shading Mode"},"sceneLighting":false,"audioPlay":false,"sceneViewState":{"showFog":true,"showMaterialUpdate":false,"showSkybox":true,"showFlares":true,"showImageEffects":true,"showParticleSystems":true},"in2DMode":false,"pivot":{"x":4.065962791442871,"y":2.302189588546753,"z":-0.5036157369613648},"rotation":{"x":0.034308839589357379,"y":0.8463754653930664,"z":-0.054930463433265689,"w":0.5286341905593872},"size":5.6661200523376469,"orthographic":false}